--sql datos test

insert into MECANICOS (TIPO_DOCUMENTO, DOCUMENTO, PRIMER_NOMBRE, SEGUNDO_NOMBRE, PRIMER_APELLIDO, SEGUNDO_APELLIDO, CELULAR, DIRECCION, EMAIL, ESTADO) values ('CE', '0645634964', 'Edeline', 'Sherwood', 'Renbold', 'Greensitt', '294-781-2939', '73 Harper Junction', 'sgreensittg@umich.edu', '0');
insert into MECANICOS (TIPO_DOCUMENTO, DOCUMENTO, PRIMER_NOMBRE, SEGUNDO_NOMBRE, PRIMER_APELLIDO, SEGUNDO_APELLIDO, CELULAR, DIRECCION, EMAIL, ESTADO) values ('CC', '5136559365', 'Winnah', 'Amy', 'Boadby', 'Brannigan', '141-697-5955', '5809 Dahle Lane', 'abranniganh@meetup.com', '0');
insert into MECANICOS (TIPO_DOCUMENTO, DOCUMENTO, PRIMER_NOMBRE, SEGUNDO_NOMBRE, PRIMER_APELLIDO, SEGUNDO_APELLIDO, CELULAR, DIRECCION, EMAIL, ESTADO) values ('CC', '7431157916', 'Gilbertine', 'Lorne', 'Vasilischev', 'Balwin', '863-728-9276', '887 Londonderry Pass', 'lbalwini@bravesites.com', '0');
insert into MECANICOS (TIPO_DOCUMENTO, DOCUMENTO, PRIMER_NOMBRE, SEGUNDO_NOMBRE, PRIMER_APELLIDO, SEGUNDO_APELLIDO, CELULAR, DIRECCION, EMAIL, ESTADO) values ('CC', '1503478173', 'Dewey', 'Selena', 'Goslin', 'Sainsbury-Brown', '573-257-6020', '7 Clarendon Drive', 'ssainsburybrownj@army.mil', '1');
insert into MECANICOS (TIPO_DOCUMENTO, DOCUMENTO, PRIMER_NOMBRE, SEGUNDO_NOMBRE, PRIMER_APELLIDO, SEGUNDO_APELLIDO, CELULAR, DIRECCION, EMAIL, ESTADO) values ('CC', '2747771555', 'Saraann', 'Winny', 'Kenforth', 'Clayfield', '944-688-8419', '6 Melody Avenue', 'wclayfieldk@go.com', '1');
insert into MECANICOS (TIPO_DOCUMENTO, DOCUMENTO, PRIMER_NOMBRE, SEGUNDO_NOMBRE, PRIMER_APELLIDO, SEGUNDO_APELLIDO, CELULAR, DIRECCION, EMAIL, ESTADO) values ('CC', '1591147751', 'Amber', 'Paulo', 'Wackly', 'McAneny', '873-368-2183', '26 Thierer Park', 'pmcanenyl@i2i.jp', '1');
insert into MECANICOS (TIPO_DOCUMENTO, DOCUMENTO, PRIMER_NOMBRE, SEGUNDO_NOMBRE, PRIMER_APELLIDO, SEGUNDO_APELLIDO, CELULAR, DIRECCION, EMAIL, ESTADO) values ('CE', '2146708069', 'Aylmer', 'Aluino', 'Ebben', 'Zannotti', '651-481-3988', '1898 Glendale Place', 'azannotti8@java.com', '0');
insert into MECANICOS (TIPO_DOCUMENTO, DOCUMENTO, PRIMER_NOMBRE, SEGUNDO_NOMBRE, PRIMER_APELLIDO, SEGUNDO_APELLIDO, CELULAR, DIRECCION, EMAIL, ESTADO) values ('CE', '8972269417', 'Teodoor', 'Silva', 'Valeri', 'Lillford', '664-867-4530', '64471 Scofield Hill', 'slillford9@abc.net.au', '1');
insert into MECANICOS (TIPO_DOCUMENTO, DOCUMENTO, PRIMER_NOMBRE, SEGUNDO_NOMBRE, PRIMER_APELLIDO, SEGUNDO_APELLIDO, CELULAR, DIRECCION, EMAIL, ESTADO) values ('CE', '5910105507', 'Thatch', 'Roxanne', 'Heskins', 'Salack', '687-191-4012', '62690 Almo Pass', 'rsalacka@ed.gov', '0');
insert into MECANICOS (TIPO_DOCUMENTO, DOCUMENTO, PRIMER_NOMBRE, SEGUNDO_NOMBRE, PRIMER_APELLIDO, SEGUNDO_APELLIDO, CELULAR, DIRECCION, EMAIL, ESTADO) values ('CC', '6254463083', 'Luciana', 'Deonne', 'Goble', 'Wyndham', '521-809-3025', '58 6th Point', 'dwyndhamb@alexa.com', '1');

insert into CLIENTES (TIPO_DOCUMENTO, DOCUMENTO, PRIMER_NOMBRE, SEGUNDO_NOMBRE, PRIMER_APELLIDO, SEGUNDO_APELLIDO, CELULAR, DIRECCION, EMAIL) values ('CC', '5088559976', 'Jose', 'Aviva', 'Afonso', 'Heindl', '364-265-6623', '0 Mendota Crossing', 'aheindl49@photobucket.com');
insert into CLIENTES (TIPO_DOCUMENTO, DOCUMENTO, PRIMER_NOMBRE, SEGUNDO_NOMBRE, PRIMER_APELLIDO, SEGUNDO_APELLIDO, CELULAR, DIRECCION, EMAIL) values ('CE', '5993535474', 'Lothaire', 'Ritchie', 'Lille', 'Fellon', '905-355-5980', '2961 Pond Street', 'rfellon4a@bloglines.com');
insert into CLIENTES (TIPO_DOCUMENTO, DOCUMENTO, PRIMER_NOMBRE, SEGUNDO_NOMBRE, PRIMER_APELLIDO, SEGUNDO_APELLIDO, CELULAR, DIRECCION, EMAIL) values ('CE', '2815053071', 'Kizzie', 'Emeline', 'Ewbach', 'Allenby', '919-310-3557', '39007 Helena Road', 'eallenby4b@livejournal.com');
insert into CLIENTES (TIPO_DOCUMENTO, DOCUMENTO, PRIMER_NOMBRE, SEGUNDO_NOMBRE, PRIMER_APELLIDO, SEGUNDO_APELLIDO, CELULAR, DIRECCION, EMAIL) values ('CE', '0485193191', 'Prentiss', 'Shandee', 'Worsnap', 'Wrightam', '969-666-6550', '0 Chive Junction', 'swrightam4c@cargocollective.com');
insert into CLIENTES (TIPO_DOCUMENTO, DOCUMENTO, PRIMER_NOMBRE, SEGUNDO_NOMBRE, PRIMER_APELLIDO, SEGUNDO_APELLIDO, CELULAR, DIRECCION, EMAIL) values ('CE', '4870549840', 'Kittie', 'Lindsy', 'Speedy', 'Rolfini', '314-751-1715', '8 Lunder Park', 'lrolfini4d@typepad.com');
insert into CLIENTES (TIPO_DOCUMENTO, DOCUMENTO, PRIMER_NOMBRE, SEGUNDO_NOMBRE, PRIMER_APELLIDO, SEGUNDO_APELLIDO, CELULAR, DIRECCION, EMAIL) values ('CE', '5480694731', 'Clyve', 'Gertruda', 'Peoples', 'Garbott', '945-615-5179', '78 Ohio Parkway', 'ggarbott4e@mtv.com');
insert into CLIENTES (TIPO_DOCUMENTO, DOCUMENTO, PRIMER_NOMBRE, SEGUNDO_NOMBRE, PRIMER_APELLIDO, SEGUNDO_APELLIDO, CELULAR, DIRECCION, EMAIL) values ('CE', '3731290111', 'Ingrim', 'Emma', 'MacEveley', 'Brushneen', '983-257-5267', '8 Coolidge Court', 'ebrushneen4f@yahoo.com');
insert into CLIENTES (TIPO_DOCUMENTO, DOCUMENTO, PRIMER_NOMBRE, SEGUNDO_NOMBRE, PRIMER_APELLIDO, SEGUNDO_APELLIDO, CELULAR, DIRECCION, EMAIL) values ('CC', '8536471867', 'Raine', 'Leonhard', 'Longmore', 'Cathery', '592-346-1510', '18 Hudson Point', 'lcathery4g@ebay.co.uk');
insert into CLIENTES (TIPO_DOCUMENTO, DOCUMENTO, PRIMER_NOMBRE, SEGUNDO_NOMBRE, PRIMER_APELLIDO, SEGUNDO_APELLIDO, CELULAR, DIRECCION, EMAIL) values ('CE', '1841745324', 'Gran', 'Eran', 'Nottram', 'Dannatt', '707-407-0532', '29 Carpenter Way', 'edannatt4h@tamu.edu');
insert into CLIENTES (TIPO_DOCUMENTO, DOCUMENTO, PRIMER_NOMBRE, SEGUNDO_NOMBRE, PRIMER_APELLIDO, SEGUNDO_APELLIDO, CELULAR, DIRECCION, EMAIL) values ('CC', '9632767950', 'Rica', 'Freida', 'Daniell', 'Daw', '349-169-4410', '9996 Reindahl Center', 'fdaw4i@yellowbook.com');

insert into MARCAS (codigo,nombre_marca) values ('1','BMW');
insert into MARCAS (codigo,nombre_marca) values ('2','Kawasaki');
insert into MARCAS (codigo,nombre_marca) values ('3','Ducati');
insert into MARCAS (codigo,nombre_marca) values ('4','Yamaha');
insert into MARCAS (codigo,nombre_marca) values ('5','Suzuki');

insert into VEHICULOS (placa,color,cod_marca,cli_tipo_documento,cli_documento) values ('AZS54B','Rojo','3','CC','5088559976');
insert into VEHICULOS (placa,color,cod_marca,cli_tipo_documento,cli_documento) values ('BXQ43F','Rojo','3','CE','5993535474');
insert into VEHICULOS (placa,color,cod_marca,cli_tipo_documento,cli_documento) values ('CCM23A','Rojo','1','CE','2815053071');
insert into VEHICULOS (placa,color,cod_marca,cli_tipo_documento,cli_documento) values ('DRL23F','Verde','2','CE','0485193191');
insert into VEHICULOS (placa,color,cod_marca,cli_tipo_documento,cli_documento) values ('FGK12F','Rojo','5','CE','4870549840');
insert into VEHICULOS (placa,color,cod_marca,cli_tipo_documento,cli_documento) values ('GJD83E','Negro','3','CE','5480694731');
insert into VEHICULOS (placa,color,cod_marca,cli_tipo_documento,cli_documento) values ('HES58F','Verde','2','CE','3731290111');
insert into VEHICULOS (placa,color,cod_marca,cli_tipo_documento,cli_documento) values ('IUE95F','Gris','4','CC','8536471867');
insert into VEHICULOS (placa,color,cod_marca,cli_tipo_documento,cli_documento) values ('JFO43E','Azul','5','CE','1841745324');
insert into VEHICULOS (placa,color,cod_marca,cli_tipo_documento,cli_documento) values ('KCZ72F','Rojo','3','CC','9632767950');

INSERT INTO MANTENIMIENTOS (CODIGO, ESTADO, FECHA_INICIAL, FECHA_FINAL ,MEC_TIPO_DOCUMENTO, MEC_DOCUMENTO, VEHI_PLACA) VALUES ('1', '0', TO_DATE('2022-08-01 14:38:49', 'YYYY-MM-DD HH24:MI:SS'), TO_DATE('2022-08-02 14:38:49', 'YYYY-MM-DD HH24:MI:SS'), 'CE', '0645634964', 'AZS54B');
INSERT INTO MANTENIMIENTOS (CODIGO, ESTADO, FECHA_INICIAL, FECHA_FINAL ,MEC_TIPO_DOCUMENTO, MEC_DOCUMENTO, VEHI_PLACA) VALUES ('2', '0', TO_DATE('2022-08-02 14:38:49', 'YYYY-MM-DD HH24:MI:SS'), TO_DATE('2022-08-03 14:38:49', 'YYYY-MM-DD HH24:MI:SS'), 'CC', '5136559365', 'BXQ43F');
INSERT INTO MANTENIMIENTOS (CODIGO, ESTADO, FECHA_INICIAL, FECHA_FINAL ,MEC_TIPO_DOCUMENTO, MEC_DOCUMENTO, VEHI_PLACA) VALUES ('3', '0', TO_DATE('2022-08-03 14:38:49', 'YYYY-MM-DD HH24:MI:SS'), TO_DATE('2022-08-04 14:38:49', 'YYYY-MM-DD HH24:MI:SS'), 'CC', '7431157916', 'CCM23A');
INSERT INTO MANTENIMIENTOS (CODIGO, ESTADO, FECHA_INICIAL, FECHA_FINAL ,MEC_TIPO_DOCUMENTO, MEC_DOCUMENTO, VEHI_PLACA) VALUES ('4', '0', TO_DATE('2022-08-04 14:38:49', 'YYYY-MM-DD HH24:MI:SS'), TO_DATE('2022-08-05 14:38:49', 'YYYY-MM-DD HH24:MI:SS'), 'CC', '1503478173', 'DRL23F');
INSERT INTO MANTENIMIENTOS (CODIGO, ESTADO, FECHA_INICIAL, FECHA_FINAL ,MEC_TIPO_DOCUMENTO, MEC_DOCUMENTO, VEHI_PLACA) VALUES ('5', '0', TO_DATE('2022-08-05 14:38:49', 'YYYY-MM-DD HH24:MI:SS'), TO_DATE('2022-08-06 14:38:49', 'YYYY-MM-DD HH24:MI:SS'), 'CC', '2747771555', 'FGK12F');
INSERT INTO MANTENIMIENTOS (CODIGO, ESTADO, FECHA_INICIAL, FECHA_FINAL ,MEC_TIPO_DOCUMENTO, MEC_DOCUMENTO, VEHI_PLACA) VALUES ('6', '0', TO_DATE('2022-08-06 14:38:49', 'YYYY-MM-DD HH24:MI:SS'), TO_DATE('2022-08-07 14:38:49', 'YYYY-MM-DD HH24:MI:SS'), 'CC', '1591147751', 'GJD83E');
INSERT INTO MANTENIMIENTOS (CODIGO, ESTADO, FECHA_INICIAL, FECHA_FINAL ,MEC_TIPO_DOCUMENTO, MEC_DOCUMENTO, VEHI_PLACA) VALUES ('7', '0', TO_DATE('2022-08-07 14:38:49', 'YYYY-MM-DD HH24:MI:SS'), TO_DATE('2022-08-08 14:38:49', 'YYYY-MM-DD HH24:MI:SS'), 'CE', '2146708069', 'HES58F');
INSERT INTO MANTENIMIENTOS (CODIGO, ESTADO, FECHA_INICIAL, FECHA_FINAL ,MEC_TIPO_DOCUMENTO, MEC_DOCUMENTO, VEHI_PLACA) VALUES ('8', '0', TO_DATE('2022-08-08 14:38:49', 'YYYY-MM-DD HH24:MI:SS'), TO_DATE('2022-08-09 14:38:49', 'YYYY-MM-DD HH24:MI:SS'), 'CE', '8972269417', 'IUE95F');
INSERT INTO MANTENIMIENTOS (CODIGO, ESTADO, FECHA_INICIAL, FECHA_FINAL ,MEC_TIPO_DOCUMENTO, MEC_DOCUMENTO, VEHI_PLACA) VALUES ('9', '0', TO_DATE('2022-08-09 14:38:49', 'YYYY-MM-DD HH24:MI:SS'), TO_DATE('2022-08-10 14:38:49', 'YYYY-MM-DD HH24:MI:SS'), 'CE', '5910105507', 'JFO43E');
INSERT INTO MANTENIMIENTOS (CODIGO, ESTADO, FECHA_INICIAL, FECHA_FINAL ,MEC_TIPO_DOCUMENTO, MEC_DOCUMENTO, VEHI_PLACA) VALUES ('10', '0', TO_DATE('2022-08-10 14:38:49', 'YYYY-MM-DD HH24:MI:SS'), TO_DATE('2022-08-11 14:38:49', 'YYYY-MM-DD HH24:MI:SS'), 'CC', '6254463083', 'KCZ72F');
INSERT INTO MANTENIMIENTOS (CODIGO, ESTADO, FECHA_INICIAL, FECHA_FINAL ,MEC_TIPO_DOCUMENTO, MEC_DOCUMENTO, VEHI_PLACA) VALUES ('11', '0', TO_DATE('2022-08-11 14:38:49', 'YYYY-MM-DD HH24:MI:SS'), TO_DATE('2022-08-12 14:38:49', 'YYYY-MM-DD HH24:MI:SS'), 'CC', '6254463083', 'AZS54B');
INSERT INTO MANTENIMIENTOS (CODIGO, ESTADO, FECHA_INICIAL, FECHA_FINAL ,MEC_TIPO_DOCUMENTO, MEC_DOCUMENTO, VEHI_PLACA) VALUES ('12', '0', TO_DATE('2022-08-12 14:38:49', 'YYYY-MM-DD HH24:MI:SS'), TO_DATE('2022-08-13 14:38:49', 'YYYY-MM-DD HH24:MI:SS'), 'CC', '5136559365', 'BXQ43F');
INSERT INTO MANTENIMIENTOS (CODIGO, ESTADO, FECHA_INICIAL, FECHA_FINAL ,MEC_TIPO_DOCUMENTO, MEC_DOCUMENTO, VEHI_PLACA) VALUES ('13', '0', TO_DATE('2022-08-13 14:38:49', 'YYYY-MM-DD HH24:MI:SS'), TO_DATE('2022-08-14 14:38:49', 'YYYY-MM-DD HH24:MI:SS'), 'CC', '7431157916', 'CCM23A');
INSERT INTO MANTENIMIENTOS (CODIGO, ESTADO, FECHA_INICIAL, FECHA_FINAL ,MEC_TIPO_DOCUMENTO, MEC_DOCUMENTO, VEHI_PLACA) VALUES ('14', '0', TO_DATE('2022-08-14 14:38:49', 'YYYY-MM-DD HH24:MI:SS'), TO_DATE('2022-08-15 14:38:49', 'YYYY-MM-DD HH24:MI:SS'), 'CC', '1503478173', 'DRL23F');
INSERT INTO MANTENIMIENTOS (CODIGO, ESTADO, FECHA_INICIAL, FECHA_FINAL ,MEC_TIPO_DOCUMENTO, MEC_DOCUMENTO, VEHI_PLACA) VALUES ('15', '0', TO_DATE('2022-08-15 14:38:49', 'YYYY-MM-DD HH24:MI:SS'), TO_DATE('2022-08-16 14:38:49', 'YYYY-MM-DD HH24:MI:SS'), 'CC', '2747771555', 'FGK12F');
INSERT INTO MANTENIMIENTOS (CODIGO, ESTADO, FECHA_INICIAL, FECHA_FINAL ,MEC_TIPO_DOCUMENTO, MEC_DOCUMENTO, VEHI_PLACA) VALUES ('16', '0', TO_DATE('2022-08-16 14:38:49', 'YYYY-MM-DD HH24:MI:SS'), TO_DATE('2022-08-17 14:38:49', 'YYYY-MM-DD HH24:MI:SS'), 'CC', '1591147751', 'GJD83E');
INSERT INTO MANTENIMIENTOS (CODIGO, ESTADO, FECHA_INICIAL, FECHA_FINAL ,MEC_TIPO_DOCUMENTO, MEC_DOCUMENTO, VEHI_PLACA) VALUES ('17', '0', TO_DATE('2022-08-17 14:38:49', 'YYYY-MM-DD HH24:MI:SS'), TO_DATE('2022-08-18 14:38:49', 'YYYY-MM-DD HH24:MI:SS'), 'CE', '2146708069', 'HES58F');
INSERT INTO MANTENIMIENTOS (CODIGO, ESTADO, FECHA_INICIAL, FECHA_FINAL ,MEC_TIPO_DOCUMENTO, MEC_DOCUMENTO, VEHI_PLACA) VALUES ('18', '0', TO_DATE('2022-08-18 14:38:49', 'YYYY-MM-DD HH24:MI:SS'), TO_DATE('2022-08-19 14:38:49', 'YYYY-MM-DD HH24:MI:SS'), 'CE', '8972269417', 'IUE95F');
INSERT INTO MANTENIMIENTOS (CODIGO, ESTADO, FECHA_INICIAL, FECHA_FINAL ,MEC_TIPO_DOCUMENTO, MEC_DOCUMENTO, VEHI_PLACA) VALUES ('19', '0', TO_DATE('2022-08-19 14:38:49', 'YYYY-MM-DD HH24:MI:SS'), TO_DATE('2022-08-20 14:38:49', 'YYYY-MM-DD HH24:MI:SS'), 'CE', '5910105507', 'JFO43E');
INSERT INTO MANTENIMIENTOS (CODIGO, ESTADO, FECHA_INICIAL, FECHA_FINAL ,MEC_TIPO_DOCUMENTO, MEC_DOCUMENTO, VEHI_PLACA) VALUES ('20', '0', TO_DATE('2022-08-20 14:38:49', 'YYYY-MM-DD HH24:MI:SS'), TO_DATE('2022-08-21 14:38:49', 'YYYY-MM-DD HH24:MI:SS'), 'CC', '6254463083', 'KCZ72F');
INSERT INTO MANTENIMIENTOS (CODIGO, ESTADO, FECHA_INICIAL, FECHA_FINAL ,MEC_TIPO_DOCUMENTO, MEC_DOCUMENTO, VEHI_PLACA) VALUES ('21', '1', TO_DATE('2022-08-21 10:38:49', 'YYYY-MM-DD HH24:MI:SS'), TO_DATE('2022-08-23 14:38:49', 'YYYY-MM-DD HH24:MI:SS'), 'CC', '1503478173', 'JFO43E');
INSERT INTO MANTENIMIENTOS (CODIGO, ESTADO, FECHA_INICIAL, FECHA_FINAL ,MEC_TIPO_DOCUMENTO, MEC_DOCUMENTO, VEHI_PLACA) VALUES ('22', '1', TO_DATE('2022-08-21 09:38:49', 'YYYY-MM-DD HH24:MI:SS'), TO_DATE('2022-08-23 14:38:49', 'YYYY-MM-DD HH24:MI:SS'), 'CC', '2747771555', 'BXQ43F');
INSERT INTO MANTENIMIENTOS (CODIGO, ESTADO, FECHA_INICIAL, FECHA_FINAL ,MEC_TIPO_DOCUMENTO, MEC_DOCUMENTO, VEHI_PLACA) VALUES ('23', '1', TO_DATE('2022-08-21 17:38:49', 'YYYY-MM-DD HH24:MI:SS'), TO_DATE('2022-08-23 14:38:49', 'YYYY-MM-DD HH24:MI:SS'), 'CC', '1591147751', 'DRL23F');
INSERT INTO MANTENIMIENTOS (CODIGO, ESTADO, FECHA_INICIAL, FECHA_FINAL ,MEC_TIPO_DOCUMENTO, MEC_DOCUMENTO, VEHI_PLACA) VALUES ('24', '1', TO_DATE('2022-08-21 10:38:49', 'YYYY-MM-DD HH24:MI:SS'), TO_DATE('2022-08-23 14:38:49', 'YYYY-MM-DD HH24:MI:SS'), 'CE', '8972269417', 'KCZ72F');
INSERT INTO MANTENIMIENTOS (CODIGO, ESTADO, FECHA_INICIAL, FECHA_FINAL ,MEC_TIPO_DOCUMENTO, MEC_DOCUMENTO, VEHI_PLACA) VALUES ('25', '1', TO_DATE('2022-08-21 14:38:49', 'YYYY-MM-DD HH24:MI:SS'), TO_DATE('2022-08-23 14:38:49', 'YYYY-MM-DD HH24:MI:SS'), 'CC', '6254463083', 'IUE95F');
